id,name
1811,SOL OPERADORA (ES)
1825,LOGÍSTICA VIAJES (ES)
1849,SMYROOMS COMISIONISTA TEST ES
1787,TRAVELAYA
828,OMNIROOMS
1799,MARVIC VIAJES (ES)
1770,TKT Travel
1904,B.D.GRAIVER TOURISM SERVICES LTD
1812,TURIVEL (ES)
1844,Express Travel (ES)
596,Trayecto Uno
1835,Astuto Travel LLC
1919,(MX) CONSOLID MÉXICO
1851,TIP TRAVEL BUREAU
1824,Travel Arias Planner (ES)
1871,SABIO.LIFE (ES)
1918,Top Dest
355,Dvacaciones.com
3847,L'TUR TOURISMUS AG
1794,Sierra Madre (ES)
220,Turismo Rays Spa
1802,Xiinbal Operador Mayorista
1681,Tailor Made Tours And Travels
1853,LY.COM(TONGCHENG)
1846,VECI Disney MX
1895,Xenia S.p.A. SB
1789,Grupo Avoris
1833,Stockotels UAE
1785,Book & Travel
1823,Travel Trade Group (UAE)
1840,Traveazy Group
1913,Romfel Travel Service (MX)
294,EZLINK
1796,TRIPATHON
1843,JUSTCLICKNPAY.COM
1819,HotelPlanner (UAE)
1931,Hopper
1916,Hashnap
1809,CREATUR VIAJES (ES)
556,Spectrum
1822,TRIPSCOUT (AE)
1868,Reservia
1622,SHOP YOUR TRIP PRIVATE LTD.
1755,Regio Operadora (MX)
1800,INFO CENTER OPERADORA MAYORISTA (ES)
1764,BOOKOPRO
1806,OLR Mayorista (ES)
782,Goesgo
1779,GUARANTEE TRAVEL DMCC
1820,Maple Tours (ES)
264,SIGA
269,We Love Holidays
1896,Holiday Heat
1763,Travel Trade Group B2C
1652,ANH Services
1784,Yond
1773,Zoom Holidays
1410,Orange Viagens
1925,CWS Travels
1922,Sunsky Vliegvakanties
712,Elaf Travel
1932,Hojuzat.com
1837,DENEE PTE. LTD.
1848,Yatra Online LTD
1894,BWT Operadora
1914,UMBRELLA TRAVEL
1906,Prism Tourism
1419,VOID PT
1,SMYROOMS TEST
1859,Ready 2 go travel
247,Omega
1847,Leibtour.com
1480,Liberty Travel
1865,Geotravel Operador Mayorista (ES)
1850,VECI Mexico HotelDO
1741,Getaroom.com (UAE)
1855,VIAJA VUELA VIVE TOURS
1876,Showroomprive.com
389,Worldwide DMC
1875,THE BUNDLE GROUP
1881,Kalemi B2B booking system
1891,TDS
1858,URBI VIAGENS
1863,CHECK IN VIAJES (MX)
1867,Trayecto Uno (ES)
280,Meeting Point
1888,VPG SAS France
1912,Hostech (MX)
1856,Every Holiday
1870,GTDS DMCC
1886,A.T.R. Touristik Service GmbH
1883,Cocktail Holidays
1861,We Love To Travel
1814,Regio Operadora (ES)
1898,Suntrips
369,Carlton Leisure
1460,ApartmentsOnline
1716,Agenda Events and Conferences LLC
1841,TRPGO BOOKING
1873,TravelBullz
1734,Tektraveler (UAE)
1854,SUDAMERIA (ES)
768,Instaviagem
1818,Easy Time Travel (UAE)
672,Wuxi Right
835,SKYJUNXION SAL
1795,GTM OPERADORA DE VIAJES (ES) 
1507,HuntHotels
1845,Owners Link (ES)
1869,Alojatte.com
1689,Escape Freaks
1821,PriceTravel Holding (ES)
1836,Europlus Operadora
1815,Bookme.pk
1757,LOGÍSTICA VIAJES (MX)
1569,Saltours International Ltd
1884,Tripfizz Holidays
1882,GTM OPERADORA DE VIAJES (MX)
1862,Maple Tours (MX)
1893,FABRICA DE VIAGEM
245,Beds With Ease
274,TOR TRAVEL
1745,Mengtu Travel
1830,BEST OF TRAVEL
1834,La Ruta Viajera (MX)
1900,SOL OPERADORA (MX)
1827,Xiinbal Operador Mayorista (MX)
1726,DELFOS OPERADOR MAYORISTA
1890,Eturia
669,Ask2Travel
1712,VASDREAM.COM
1887,FLYTODAY (DND TRIP DMCC)
1805,BM Tours (ES)
1892,BINGTRIP
826,TRAVELEX
151,Restel
856,CENTRALDEVACACIONES.COM
1921,FRT OPERADORA
150,Hotelbeds
180,Tour 10
689,Amsalem
1786,Club 1 Hotels (UAE)
1761,Kit Voyages
1927,A LUGARES Y DESTINOS
1907,VNTRAVEL VIETNAM TOURISM
1872,SABIO.LIFE
176,Guest Incoming
1646,Eurobeds
1521,PRESTIGIA
1758,ACCURATUSTRAVEL
1808,HK CHANGYOU INTERNATIONAL
1676,TOP10
1857,Travus for Travel and Tourism
864,GBN TRAVEL
1923,Brightsun Travel
1475,Travel Before
1748,Business-class.com
1926,CORPORATE WORLDWIDE STAY LLP
1889,VPG SAS UK
1659,YourHolidays.co.uk
1713,Travel Associates Wholesalers
1908,Your Endless Travel LTD
829,ALIATOUR
1518,AKBAR TRAVELS ONLINE (FZE)
170,British Airways Holidays
1762,Hirondelle (ES)
874,Travea.com
1591,The Jet Set Lifestyle Group
188,Elvoline
1495,VAI PRO MUNDO VIAGENS
1826,Domus Hospitality (UAE)
273,Karlson
1842,WITAMY INTERNATIONAL
1714,Hotelogical
1565,ALAWTTAN TRAVEL SOLUTIONS LIMITED
368,Benz Travel
1917,viajesnuestros.com
1864,Geotravel Operador Mayorista (MX)
1739,Escalabeds (UAE)
146,Central de Reservas
1536,123HOTELBOOKING.NET
1674,Orinter Tour and Travel
731,RSC Travel World
370,Global Travel Group Franchise Members
1915,TRAGLO
711,GOTRAVELRES
1620,Nautalia asociadas
1816,CONSOLID MÉXICO (ES)
529,Pezzati Viajes
1751,ANDASUN
1866,Travel Exclusive Inc
1570,ALL4GO
1839,Mindento
1752,Hotel Donkey
789,Caspi Tours
834,MARVIC VIAJES
730,Dieux Travel Services
1457,ID90
1874,VERYCHIC S.A.S.
1530,MARAL TURISMO
1901,BRIDGE TRAVEL SERVICES CLICNGO
1817,Polani Travel LTD
897,Kaluah Tours Operator
1512,Patron Way Travel Inc
360,Snowstorm Technologies Global Travel Solutions Inc
862,1001 NUITS
1838,NIKA VIAJES
244,TUI SPAIN
265,RoomsinCloud
511,Online Express
22,CARREFOUR
1810,Operadora Vica (ES)
155,Abreu
394,Tale Travel
1903,Thomas Cook Tourism (UK)
1664,Etrav.in
781,EnPrimeraClase.com
182,Emviagem
1556,Paradise Vacation
820,Forerez
1552,TRIP JACK
1771,Erga Tourism
1482,EVEA TRAVEL
678,Hotel Trader
139,Escalabeds
243,TUI PORTUGAL 
1558,TI TOURS LTD
171,Getabed
260,Gioblues
1788,Globus Reisebuero
1885,Nexus (ES)
736,Major Travel
286,Snaptravel
637,Artex
1686,Perfectly Planned Travel & Events
168,MyGo
1902,ACADEMSERVICE INTERNATIONAL LIMITED
1880,Descapada.com
1487,TRIPSCOUT
1738,TOUR MUNDIAL AMERICA PARQUES
675,Regency Travel
1567,NO USAR-Saltours International Ltd
149,Viajes Urbis
690,Highstar
892,H.T.S. HADJIKAKOU TRAVEL SERVICES
459,Arrival Guide
570,Flix
1451,Others
1860,DREAM & TRAVEL
767,Metro Operadora
1411,Net Travel Associates
352,Advantage Managed Services
1897,Tripnas
562,Unitravel
1852,VIAGGIANTE 
536,FlightsNhotels
131,Methabook
553,Kehar Travels
130,Dida Travel
1718,Almohit Travel and Tours SDN PHD
239,Ezeego
177,Travellanda
1636,Holiday Buzz
895,tripAbrood
890,Tripsupport
1678,Tailor Made Tours And Travels
1531,Innstant Travel Limited
363,Midcounties Consortium
1564,B.T. & TOURS LIMITED
1580,Kanopii
322,GRNCONNECT
1511,Travelgo Limited SMY
1705,Tripndestinations
83,Otros Smyrooms
1733,SIGA TURISMO (ES)
1592,FLY EXOTIC TRAVEL AND TOURISM LLC
881,Ibyta
377,Ramsay World Travel
520,THG
1690,The Takeoff Club
743,EMERALD CONSULT LIMITED
315,Tale Travel
1910,ARBITRIP
386,Broadway Consortium (MGR)
1398,B2BHOLIDAYS
622,Art Travel
1920,Business Travel Bureau LLC
310,Go Global Travel LTD
1776,Reward360
894,Expedia Group with Travelscape 
159,Amimir.com
795,TAporta
1437,FindHotel
1555,NAUTALIA VIAJES
1905,Jumbonline
332,Easy Market
1534,Como Travels 
882,DESPEGAR
754,IXPIRA
240,H-Resa
1732,ACT TRAVEL (ES)
259,Almosafer
732,Domus Hospitality
1768,ARENA TOURIST
1544,Youcef Booking
336,Excite
125,HotelsPro
1554,VEMSA
1756,Record Vacation (MX)
1911,Getabed (AE)
362,Travel Trust Association (TTA)
1452,Plan my Tour
854,Your Golf
1596,Harris Travel
1813,AGENZIA PER AMICA
137,Zumata
1563,Find a Golf Break 
234,WHL AE
314,Within Earth Holidays
769,Hostech
1651,Ostrovok UAE
1537,Wego Middle East
1574,Pure Trip
209,Wendy Wu Tours
1396,TOUR MUNDIAL VECI
197,ST Globe
1586,GIR LOYALTY INCENTIVE & PROMOTIONS
604,Aviate Journeys
911,VACATIONS MADE EASY
399,Fliggy
298,Karavel
1721,VIAJAMAS.PE
839,INFO CENTER OPERADORA MAYORISTA
206,Roomhopper
507,ROYAL PALM HOLIDAYS 
1668,TTL HOLIDAYS
1644,Eastern Travel and Tours
733,Akbar Online Booking Co Pvt Ltd
1929,TRAVEL PINOY UK
231,Hays Travel
145,WHL EU
713,VCR Representaciones
1605,BONDAI
715,Guangzhou Haiyou
1406,CN Travel 
1551,SmarterTravel
1572,Charter Travel
306,lastminute.com Group
822,VOLONLINE
1630,Travelodeal
1424,Evolution Travel
1804,WebHotelRes
1573,Galaxy Travel Ltd
815,EXTRATOUR
211,Holisto (Splitty-Traveluro)
292,Isram 
1623,NEXT ESCAPE
514,Kaha
153,3 Full Steps
1687,Profitrip
729,Travel Arias
1540,Btravel
328,EZEEGO ONE TRAVEL AND TOURS FZ-LLC
1760,CST TRAVEL
823,bestours
1610,PERSEUS OPERADOR MAYORISTA
1621,Travclan Technology India Pvt Ltd
276,TUI BRASIL
371,Holiday Malta
309,Solbooking
345,Hotelsclick
349,Advantage Consortium
1616,Easy Time Travel
318,Wholesale Hotels Group
537,7SeasHolidays
1577,Neeto International Holidays. 
1648,Tbrooms.me
488,Interep Brasil
1618,Bedsopia
275,Travelbugz Ltd
518,Destination Italia
1928,QI YOU JI
1667,utc.travel
1715,Tripinclick
172,MisterFly
1549,Happy Travel
588,Breeze
1930,Mondiale By Ancoradouro 
860,Holidaymag
513,AlRajhi Aviation
198,Pelikaan Reizen
563,Classik Travel
126,Destinations Of The World
268,MDE Travel 
224,GoQuo
1909,CREATUR VIAJES (MX)
1629,Travellanda.
364,Honeycomb (TTA & Worldchoice)
1633,BRADLEY AVIATION LTD
1634,RATELOC
1403,Tripnest
174,Jumbo
1423,Club de Vacaciones VECI
608,Travelopedia Ltd
1553,Plum Accommodation
144,WHL USA
1546,USA Direct
1775,Planet Travel LATAM
136,TBO Holidays
1740,Snaptravel (UAE)
1803,Fiesta Travel
154,A1 Travel
1582, Clube Viajar 
476,Pasha
720,Amerilink International Corp.
213,Falabella
558,Atrapalo
738,Unwind Travel
457,Nakhal & CIE
814,Almosafer International Travel and Tourism
802,Travelware
483,Camboying.com
1474,AIRTICKET GROUP
132,Rezlive
661,Cheapfaremart LLC
655,SEE DUBAI TOURS
783,Consolid México
851,Crownshield Travel
221,Holiday Lines
1543,SCHEMA VACANZE
1566,Cheep Cheep Travel
594,Simba
1729,CHECK IN VIAJES (ES)
574,ETS
847,Perfect Holidays
157,All Seasons
530,Explore the Wonders
248,MagicRooms
1595,Aero
505,Flot Operadora
207,Fuerza Delta
1509,MOVE
636,Cresta World
1461,BM Tours
808,FITBookings
408,Crystal Travel
266,FASTPAYHOTELS
403,Dnata
1538,VOLANDO OPERADOR MAYORISTA
196,Sunhotels EU
1675,Checkins INC
307,Amoma AE
692,VECI
1604,home and away
388,Jagman
659,Important Travellers Inc.
1430,Hotel Skip
402,FASTPAYHOTELS EU
1479,Travel Experiences
1547,Ucuzabilet 
703,Evecon
1637,Travelolo
365,Hays Tour Operating
1645,Agil Brasil Operadora
657,Booked.net
353,Hays Independence Group
1710,Booking247.com
1650,Dial Holidays
1737,American Executive (UAE)
1782,Central Trvl
909,MITIKA TOUR OPERADOR
194,DOTW EU
201,Pan Ukraine
308,Tektraveler
693,UpHotel
147,Barceló
290,Yeego
1429,Gigsguide
284,Nustay
1468,Maple Tours
1501,SOL OPERADORA
219,Travelor
1438,Stockotels
793,Geotravel Operador Mayorista
1798,Albania Explorer
295,24x7 Rooms
411,Travel Destination Online
798,Travel TSH
799,Pacific Reps
405,Easy Trip
580,Mawasim
383,Truly Travel
347,Red Apple
1401,FLYTODAY
866,HolidayME
133,Selfbutler
539,FonnFlog
380,The Flights Guru
393,Cheap Cost Holidays
385,Dawson and Sanderson
1425,Alpitour
165,World2Meet
1522,AMADEUS TEST
702,Groupinhotels
163,Veturis
846,Broadway Travel Services
361,Global Travel Group Independent Options
1599,Gouvon Travel 
199,RoomsXML EU
606,Skideal LTD
857,BOOMERANG VOYAGES
581,Cool Travel
913,trip.com 
156,AIC Travel
129,Ctrip
654,SEEUSATOURS
178,Grupo CDV
204,Perla Tours
169,Pegaso
227,DER Touristik
293,Alpha Flight Guru
262,Ostrovok
515,Karisma
1797,Magic Fly
794,Prisma Operadora
253,Tinggly
708,Hirondelle
1400,Cosmobeds
724,Tripsnstay
175,HotelsPro EU
576,Right Holidays
1519,HAVEMYROOM
809,Superstays
577,Mega Travel
746,Danubius
395,Caper
1030,Fundamental Holidays
621,VS Global
523,GS Travel
801,green continent tours
237,Paximum
691,Nexus
230,Haoqiao
494,HotelReservation.se
680,Viajes Libratur S.L.
1520,One Up Travel
348,NatalieTours
256,GETAROOM
883,ITALICA DMC
908,Trip Gator
899,CIT
1435,Nexo
158,Altura
450,Rutas al paraíso
179,Gowaii
288,Gattinoni
1665,AWT-US
800,Trego Latam
1399,Hotel planner
771,Donna Franca Tours
242,TUI ITALY 
739,Globohotel
805,time 4 travel
726,Gosaibi
879,Meituan
316,Dubai Link
489,The Travel House
623,MG BEDBANK
579,Torp
502,Traveloka
160,Amoma
695,TTH Travel Limited
837,Prime Travel Service
1498,Travel Broker GmbH
797,Air Mark Holidays
566,Hispatour
1532,Holiday Lines
134,Lots Of Hotels
1467,EDREAMS ODIGEO
331,Reembolsing
1395,Roomongo
550,"Monaker Group, Inc"
1454,Reslounge
885,VIAJEROS POR EL MUNDO
756,Express Travel
824,Roombites
1653,Flights Experts
1660,Al Raya
1505,ITRIP LLC
1696,DIDATRAVEL TECHNOLOGY SINGAPORE
135,Spring Travel Services
632,Kargo Turiszm
687,BiletBank
354,Worldchoice
374,On The Beach
757,Sabio.life
184,Olympia Viaggi
778,OLR Mayorista
780,NEGOCIOS TRAVEL
1533,FREEDOM TRAVEL
1688,Triparison
235,6 Tour
1685,PTS Consortium
620,BK Travel Agency
540,Tinky Winky
870,Multireisen Deutschland GmbH
573,MontiGo
297,CHECK IN VIAJES
868,Elevation World Travel
907,Viaggiomass
1571,ATLAS TRAVELS
838,One Two Trip
867,TOURMIND
572,Plaza
548,TATHKARAH
665,Fine World
1463,Sidetours Incoming Services
241,TUI INDIA 
547,Traveltistaan
773,Rehlat
1441,Privetours
319,Riya Holidays
855,TIME TRAVEL
521,Sunhotels AE
1638,eShores
379,Sunmaster
1434,KTS
700,Travexy
401,Goeureka
185,Travel Up
721,Novo Destino
1642,D-FLY
236,AurumTours
1649,SHREE HOLIDAYS
758,Gadou
162,Traventia
1769,Travel Store
1727,All Seasons (ES)
208,American Executive
289,Roomer
228,Cancelon
1491,"HONGKONG YONGZHENG TECHNOLOGY CO.,LIMITED"
396,JTA Travel
1499,Qool Travel
670,Horse 21 
438,Hoteles.co.uk
501,Mustashar
1657,AD TURISMO
1510,Travelgo Limited MR
1481,Rida International Tourism and Travel
858,Hotelston SLU
886,iMayorista Corporativo
1446,PEAKPOINT
212,Tripx
673,Global Travel
1529,RATONVIAJERO
705,AYWA TRAVEL
1528,AVA TOURS
568,Travel Security
282,WOZOZO
128,Leonardo Travel
1473,MORESAND
341,Roomerang Travel
398,Roman Travel Ltd
517,Booking express
1670,TRAVELY
1550,Travelshift
1759,Best Collection
257,Citrus
779,Planet Travel UK
1661,VOLOTEL
1669,Booking Desk
1539,ELITE BOOKING
786,Daniel Reyes Operador
1747,NITES TRAVEL
903,SERVICIOS TURISTICOS LZ OPERADOR MAYORISTA
202,Costas y Paisajes
1641,RATESPRO
279,NITES
660,InnSuites Hospitality
716,Voyages Plaisirs
313,EET Global
900,Night2stay
1640,Fun Travelz
1744,Juan Toselli (ES)
433,Email Flights
384,Ultimate Stag Extreme Hen
876,UTS 
684,OTS Open Travel Service
1635,TravelBank Holidays
906,TUI DEU
1717,LA RUTA VIAJERA
164,TravTravel
1699,M ZAHID TRAVEL
1766,OLA S.A.
233,Broadway Travel Services
561,Holiday Store
888,Elite Travel Lufthansa City Center 
1483,SUNtip
1692,Magic Holidays
1617,AMADEUS
1428,Travotels
1624,Million Destination
430,Firstchoice
611,Andicor
719,Signature tours
704,GTM
1611,TBG TRAVEL
1707,Odeonbeds
372,Jetline Travel
643,Escalabeds
189,EurAm
326,ESKY.PL S.A.
191,Leonardo EU
246,Hoojoozat
1526,HDDNGEM
1742,KEYTOURS VACATIONS (UAE)
633,TRAVELBUY ITALIA
697,Global Travel & Tours WLL
595,Trips Avenue
503,ARABJET
718,my travel journey
414,Morton’s Légi
343,SPECIALIZED DESTINATION SERVICES
1465,PerfectStay
1464,Isola Azzurra
813,PAKS
788,SUDAMERIA
509,E-htl 
1735,Cheapfaremart LLC (UAE)
285,Juan Toselli
610,Apple World
1527,ROYAL AMBASSADOR
681,Viajes Veracruz
1442,Reginald Methelus
1753,Organización Piamonte
844,Flexiski
635,Olio Travel
271,Opentours
195,Bookohotel EU
1666,Best Online Holidays
696,IL TUAREG
792,MTS Tourism
148,Globalia
1695,Bordessa Holidays
333,Ottila
1587,Bedongo
1458,Multitravel.com
1579,Touring Highlights
910,EASYDREAM (ES)
200,LCI-MTC
1647,SuperEscapes
183,Olympia
603,Hotel  Urbano
1478,KEY OF THE WORLD TOURISM
142,My beds
1639,Adventures Kuwait
1496,Explore Hotels & Restaurants Management WLL
338,Stayforlong
1450,I-Flights & Travel
1662,Via Holiday
1709,Bambara Travel
737,Hotelbeds Brasil
625,OPERADORA TURÍSTICA OMNI
1731,LOGAN TRAVEL (ES)
324,TripSave ApS
1484,Smile Holidays
766,Pohjolan Turistiauto Oy
1514,ROMFEL TRAVEL SERVICE
777,World Net
1407,Look & Travel
434,Reserve A Hotel
1767,ALMUNDO.COM SRL
407,GS TRAVEL
1476,VECI MX
461,Betta Tour
1431,COCHA
1027,Karpaten 
803,Record Vacation
618,GoMundo
597,2B4
528,Mimosa Reizen
1497,WorldNet Hotels
344,B&A e-Travel S.A.   
1590,SLOVENIA VACATION
589,Pigggy Travel
1697,Hasan Travel
261,GLOBAL TRAVEL INTERNATIONAL
593,Travelpack
1723,TripMatrix
784,Owners Link
727,On Sale Luxury Resorts
741,IN 4 SRL
1704,Ctrip Ltd
709,Hotelspoint
1500,Go! Trips
1502,Holiday Dragons
141,Logan Travel
413,Antilog Vacations
701,YATRA
1589,Hotelusso
1701,BedsOnTrips
1693,MoonJourneys
491,Best Buy Hotel
538,Vay Travel Tech
1746,Zulu Travel Services Ltd
1655,Holidaykite
258,Tailorbeds
167,Rickytravel
291,TheAreoHub
671,Focus Tour
1493,LEAP TRAVEL
1561,ORBIS TRAVELS LTD
1516,Borsaviaggi
1028,Tlntrip
321,RoomsDay
1523,AVIATION LINKS TLD
281,Key Tours
845,ISON
373,King Travel Ltd
878,Pruvo
1485,CREATUR VIAJES
1562,Merlin Travel Group
889,Jolly
161,Bookabed
811,Faraz Crs
397,Luxury Holidays
532,PaxLane
1656,West End Travel
617,Spider
564,P&P
1490,EZYOURTRAVEL PTY LIMITED
493,Discovery Travel & Tourism
1725,Sato Tours
1612,WELLBEDS
710,Master Explorer
1462,Dawson Travel
1628,Traveltrek
527,Intourist
796,PT Lima Benua Reservasi
776,Adonis.com
1691,holidaystoday.co.uk
841,Century Travel Consultants
787,JL-Tour
249,Agoda
1614,JET AWAY HOLIDAYS
210,PTC
871,Sembo
1585,360 Loyalty
571,myGO
557,WAYLO
679,Rove World
664,Gaman Ferdir
140,Expan Tours
1581,ModeTour
387,Interep
1432,Pingfares
859,Averoja
785,Helvetia Travel Group
526,CN Travel Group
400,Conso
1602,jetaway holidays
1600,GRAPHIC SOLUTION
663,MAFENGWO
819,INTRA TOURS
522,Sierra Madre
884,LOGÍSTICA VIAJES
1615,InHouse World Ltd
1568,Red Sea Experience
891,FLAMINGO TRANSWORLD PVT LTD
1625,Travel Continental Group
1545,MakeMyTrip
350,Italica DMC
1736,Aero (ES)
1508,Travel Trade Group
190,Hotelston
535,Hikari
1658,BABLION TOURISM
533,Satguru Travel & tourism LLC
382,Travelbugz Ltd (MGR)
668,PITERTOUR LTD
698,Marsol
186,Nuitee
760,MACQUEEN
717,UEMURA
1542,TRAVEL LIGHTS
877,Dalian Jidu
1654,TRIPSEGURO
722,Guangzhou
287,Soltour
1440,Mapadinamics
863,GET IN GALICIA
575,North America Destinations
1439,World Explorer
173,Imperatours
830,promoser
898,pulso travel
460,Cielos Abiertos
300,Graficon
1663,Hullo Travel
614,NBH
592,Travelzy
1515,DEWSBURY TRAVEL TOURS
817,1st Class
534,All of America
873,5 Diamonds International Ltd
612,Travel Queen
1598,CIVIC TRAVEL 
1584,Vacavia
1525,PKFARE
658,Letsfly Limited
848,7say7 BV
490,Luways 
587,TKWS DMC
251,RTS
1631,One Concierge
1671,3 FULL STEPS 
567,Mari del Sun
825,Bookingsweden
351,Mitriboo.com
1722,Jestilo Travel
519,Bedbank
694,H.I.S TRAVEL & TOURISM L.L.C
152,Innstant travel
667,Bejing Meia Int.
634,Royal Ocean
677,Solvex
714,Holidays Arabia
770,ETS International
283,Carrefour Viajes
203,Nirvana EU
250,Coming2
366,A1 Travel (MGR)
1694,Jetset Holidays
252,Lees Travel
320,Ratonviajero
1778,Viagens Promo
1743,VOLOTEL (UAE)
887,Tourist Journey
598,Mistral
852,Kenwood Travel
832,Interair Hajj and Umrah
688,Reisenplatz
525,Dnata MGR
1433,Maikros.com
1593,FlyHub DMCC
1672,Arrow Tours
232,Fred Olsen
1535,Bedsconnect
1443,Avia Centre
229,E-HTL
676,Linkall
686,Classic Travel
569,Euro-Conection
1673,Incentifi
378,Sinu Reisikorraldaja
166,Sololé
1597,Escapeaway / Solfaktor
804,Kazunion
818,Rigotel
296,Ezeerooms
1613,Elite Concierge
821,Riya Travel
205,Portimar
272,Europlayas
301,Top Atlantico DMC
896,MaxiTravel Tours Wholesaler
1576,Ottila UAE
323,HIPERVIAJES
1643,You Love Holidays
1702,GTbeds.com
1765,PERFECT TOUR
1578,Travel Britannia
742,YORKER HOLIDAYS SERVICES PVT LTD.
740,La Fabbrica
446,Vacacioneschollo.com
10,AIRMET
590,Celebrations Tour
549,MWR LIFES
763,Your Holiday guide
1413,Galaxy Travel
551,Private Bookings
552,Operadora Vica 
1494,"Xeniapp, Inc."
1402,Youmalou
624,MF International SL
1489,Bookingagora
312,AIRTOUR
1557,Grupo Travel
462,Travel-Life.Pro
1724,JOHNSONHOLIDAYS
849,MAROC VOYAGES
1632,VIAJE HOY OPERADORA MAYORISTA
1503,BAN TOURS
772,Impressions
666,Jetways Travels
1517,JOURNEYHERO
1575,MYTHICAL GREECE
302,Itinerary planner
1412,Bookaris
143,OLA
1397,Revenue Labs
842,Club 4 Travel
1588,Spalopia
342,SST ONLINE TOURS LLP
707,Java Travel
181,Dream World Travel
1792,VIAJE HOY OPERADORA MAYORISTA (ES)
812,PEGASUS
392,TipGroup Travel
744,Mixx travel AB
1436,Allinclusive.co.uk
1453,Technocense
840,Rondreis Planner
1506,Dingus 
652, Simply Vacations
774,VelTravel
305,Darina
1719,AGAXTUR VIAGENS
1790,Gotravelres_Travolutionary (ES)
869,Risskov Rejser
1488,G2 TRAVEL (FIT) LIMITED
1541,Regio Operadora
263,ACT TRAVEL
806,Club 1 Hotels
299,Serhs
790,Ebix Travels
1791,Record Vacation (ES)
218,Kangaroo
1730,Mybeds (ES)
1783,BARWA HOLDING
1470,STER REIZEN
1606,TRIPDEAL
1469,ACK AMERICAN VACATIONS INC
1749,R Travels
1777,WECO Travel Romania
1677,Traveler Club
791,MAXTRIP
810,TI Travel
337,BestBuy Hotel
1466,MICE LE VOYAGE TRAVEL & TOURISM LLC
1700,ITRAVEL
1504,Foremost Agency
1754,OLR Mayorista (MX)
138,Time Travel & Tours
1444,Accomplus
1698,TURIVEL
775,DJOCA
192,Lots Of Hotels EU
524,Essential Europe
662,Explora Travel SRLS
615,One Touch Travel
591,Consolidador
1559,Kelbsco Ltd
346,Itrip
1774,Ricale Viajes
1409,PriceTravel Holding
1029,KIRA VIAGGI
254,Nirvana
1603,Elite Concierge
765,More Travel
1408,Tourist Journey
193,Teldar Travel
914,DESCOBRIMENTOS
